Ακαδημαϊκό Έτος,Πλήθος μελών ΣΕΠ,Πλήθος νέων φοιτητών,Πλήθος παλιών φοιτητών,Σύνολο φοιτητών,Νέοι φοιτητές ανά μέλος ΣΕΠ,Παλιοί φοιτητές ανά μέλος ΣΕΠ,Συμμετοχή στην 1η ΟΣΣ,Ποσοστό συμμετοχής στην 1η ΟΣΣ,Συμμετοχή στην 2η ΟΣΣ,Ποσοστό συμμετοχής στην 2η ΟΣΣ,Συμμετοχή στην 3η ΟΣΣ,Ποσοστό συμμετοχής στην 3η ΟΣΣ,Συμμετοχή στην 4η ΟΣΣ,Ποσοστό συμμετοχής στην 4η ΟΣΣ,Συμμετοχή στην 5η ΟΣΣ,Ποσοστό συμμετοχής στην 5η ΟΣΣ,Συμμετοχή στην 1η ΓΕ,Ποσοστό συμμετοχής στην 1η ΓΕ,Μ.Ο. 1ης Γ.Ε.,Συμμετοχή στην 2η ΓΕ,Ποσοστό συμμετοχής στην 2η ΓΕ,Μ.Ο. 2ης Γ.Ε.,Συμμετοχή στην 3η ΓΕ,Ποσοστό συμμετοχής στην 3η ΓΕ,Μ.Ο. 3ης Γ.Ε.,Συμμετοχή στην 4η ΓΕ,Ποσοστό συμμετοχής στην 4η ΓΕ,Μ.Ο. 4ης Γ.Ε.,Πλήθος φοιτητών που δεν ξεκίνησαν,Ποσοστό φοιτητών που δεν ξεκίνησαν,Πλήθος φοιτητών που ξεκίνησαν αλλά εγκατέλειψαν,Ποσοστό φοιτητών που ξεκίνησαν αλλά εγκατέλειψαν,Ποσοστό συνολικών εγκαταλείψεων,Πλήθος φοιτητών που απέκτησαν δικαίωμα εξετάσεων,Ποσοστό φοιτητών που απέκτησαν δικαίωμα εξετάσεων,Πλήθος φοιτητών που συμμετείχαν στις τελικές εξετάσεις,Ποσοστό φοιτητών που συμμετείχαν στις τελικές εξετάσεις,Ποσοστό φοιτητών που συμμετείχαν στις τελικές εξετάσεις επί του συνόλου,Πλήθος φοιτητών που πέτυχαν στις τελικές εξετάσεις,Σχετικό ποσοστό φοιτητών που πέτυχαν στις τελικές εξετάσεις,Ποσοστό φοιτητών που πέτυχαν στις τελικές εξετάσεις επί του συνόλου,Μ.Ο. τελικών εξετάσεων,Πλήθος φοιτητών που συμμετείχαν στις επαναληπτικές εξετάσεις,Σχετικό ποσοστό φοιτητών που συμμετείχαν στις επαναληπτικές εξετάσεις,Ποσοστό φοιτητών που συμμετείχαν στις επαναληπτικές εξετάσεις επί του συνόλου,Πλήθος φοιτητών που πέτυχαν στις επαναληπτικές εξετάσεις,Σχετικό ποσοστό φοιτητών που πέτυχαν στις επαναληπτικές εξετάσεις,Ποσοστό φοιτητών που πέτυχαν στις επαναληπτικές εξετάσεις επί του συνόλου,Μ.Ο. επαναληπικών εξετάσεων,Σύνολο επιτυχόντων,Ποσοστό επιτυχόντων,Συνολικό σχετικό ποσοστό επιτυχόντων,Μ.Ο. τελικού βαθμού επιτυχόντων,Πλήθος παλιών φοιτητών που συμμετείχαν στις τελικές εξετάσεις,Ποσοστό παλιών φοιτητών που συμμετείχαν στις τελικές εξετάσεις,Πλήθος παλιών φοιτητών που πέτυχαν στις τελικές εξετάσεις,Ποσοστό παλιών φοιτητών που πέτυχαν στις τελικές εξετάσεις,Ποσοστό παλιών φοιτητών που πέτυχαν στις τελικές εξετάσεις επί του συνόλου,Πλήθος παλιών φοιτητών που συμμετείχαν στις επαναληπτικές εξετάσεις,Σχετικό ποσοστό παλιών φοιτητών που συμμετείχαν στις επαναληπτικές εξετάσεις,Πλήθος παλιών φοιτητών που πέτυχαν στις επαναληπτικές εξετάσεις,Ποσοστό παλιών φοιτητών που πέτυχαν στις επαναληπτικές εξετάσεις,Ποσοστό παλιών φοιτητών που πέτυχαν στις επαναληπτικές εξετάσεις επί του συνόλου,Συνολικό ποσοστό επιτυχίας παλιών φοιτητών,Συνολικό σχετικό ποσοστό επιτυχίας παλιών φοιτητών
2000 - 2001,15,498,0.0,498,33.2,0.0,,,,,,,,,,,,,,,,,,,,,,,,,,,,,,,,,,,,,,,,,,,,231.0,,,,,,,,,,,,,,,
2001 - 2002,26,829,,829,31.884615384615383,0.0,,,,,,,,,,,,,,,,,,,,,,,,,,,,,,,,,,,,,,,,,,,,339.0,,,,,,,,,,,,,,,
2002 - 2003,28,970,,970,34.642857142857146,0.0,,,,,,,,,,,,,,,,,,,,,,,,,,,,,,,,,,,,,,,,,,,,325.0,,,,,,,,,,,,,,,
2003 - 2004,31,896,103.0,999,28.903225806451612,3.3225806451612905,709.0,0.7912946428571429,539.0,0.6015625,417.0,0.4654017857142857,377.0,0.42075892857142855,337.0,0.37611607142857145,746.0,0.8325892857142857,7.8,602.0,0.671875,7.29,529.0,0.5904017857142857,7.09,423.0,0.4720982142857143,5.86,135.0,0.15066964285714285,255.0,0.2845982142857143,0.43526785714285715,506.0,0.5647321428571429,428.0,0.8458498023715415,0.47767857142857145,331.0,0.7733644859813084,0.36941964285714285,,86.0,0.49142857142857144,0.09598214285714286,42.0,0.4883720930232558,0.046875,,373.0,0.41629464285714285,0.72568093385214,,,,,,,,,,,,,
2004 - 2005,30,895,104.0,999,29.833333333333332,3.466666666666667,705.0,0.7877094972067039,506.0,0.5653631284916201,371.0,0.4145251396648045,322.0,0.35977653631284917,299.0,0.3340782122905028,724.0,0.8089385474860336,7.74,554.0,0.6189944134078212,6.44,504.0,0.5631284916201117,7.32,388.0,0.4335195530726257,6.02,153.0,0.17094972067039105,279.0,0.311731843575419,0.48268156424581005,463.0,0.5173184357541899,376.0,0.8120950323974082,0.4201117318435754,288.0,0.7659574468085106,0.3217877094972067,,104.0,0.5942857142857143,0.11620111731843576,48.0,0.46153846153846156,0.053631284916201116,,336.0,0.3754189944134078,0.7,,22.0,0.21153846153846154,14.0,0.6363636363636364,0.1346153846153846,14.0,0.15555555555555556,5.0,0.35714285714285715,0.04807692307692308,0.18269230769230768,0.5277777777777778
2005 - 2006,40,1163,70.0,1233,29.075,1.75,947.0,0.8142734307824592,766.0,0.6586414445399829,572.0,0.49183147033533964,467.0,0.40154772141014616,488.0,0.41960447119518485,978.0,0.8409286328460877,8.42,831.0,0.7145313843508169,7.07,733.0,0.6302665520206363,6.48,519.0,0.44625967325881344,6.34,159.0,0.13671539122957868,322.0,0.2768701633705933,0.413585554600172,682.0,0.586414445399828,538.0,0.7888563049853372,0.46259673258813416,351.0,0.6524163568773235,0.30180567497850386,5.22,150.0,0.45317220543806647,0.1289767841788478,96.0,0.64,0.0825451418744626,4.47,447.0,0.38435081685296646,0.6497093023255814,,22.0,0.3142857142857143,5.0,0.22727272727272727,0.07142857142857142,17.0,0.26153846153846155,6.0,0.35294117647058826,0.08571428571428572,0.15714285714285714,0.28205128205128205
2006 - 2007,40,1198,147.0,1345,29.95,3.675,916.0,0.7646076794657763,707.0,0.5901502504173622,499.0,0.41652754590984975,417.0,0.34808013355592654,459.0,0.3831385642737897,965.0,0.8055091819699499,7.67,768.0,0.6410684474123539,6.97,697.0,0.5818030050083473,7.08,507.0,0.42320534223706174,5.86,212.0,0.17696160267111852,348.0,0.2904841402337229,0.4674457429048414,638.0,0.5325542570951586,514.0,0.8056426332288401,0.4290484140233723,351.0,0.6828793774319066,0.2929883138564274,5.71,145.0,0.5052264808362369,0.12103505843071787,72.0,0.496551724137931,0.06010016694490818,4.05,423.0,0.35308848080133554,0.6418816388467374,,39.0,0.2653061224489796,14.0,0.358974358974359,0.09523809523809523,23.0,0.17293233082706766,5.0,0.21739130434782608,0.034013605442176874,0.1292517006802721,0.3064516129032258
2007 - 2008,41,1203,143.0,1346,29.341463414634145,3.4878048780487805,909.0,0.7556109725685786,650.0,0.5403158769742311,487.0,0.40482128013300084,436.0,0.3624272651704073,383.0,0.3183707398171239,935.0,0.7772236076475478,8.24,734.0,0.6101413133832086,6.76,635.0,0.5278470490440565,6.48,467.0,0.3881961762261014,5.83,243.0,0.20199501246882792,364.0,0.3025768911055694,0.5045719035743973,596.0,0.49542809642560265,471.0,0.790268456375839,0.3915211970074813,349.0,0.7409766454352441,0.29010806317539484,6.11,114.0,0.46153846153846156,0.09476309226932668,67.0,0.5877192982456141,0.05569409808811305,4.34,416.0,0.3458021612635079,0.7111111111111111,,37.0,0.25874125874125875,10.0,0.2702702702702703,0.06993006993006994,26.0,0.19548872180451127,9.0,0.34615384615384615,0.06293706293706294,0.13286713286713286,0.30158730158730157
2008 - 2009,43,1194,98.0,1292,27.767441860465116,2.2790697674418605,909.0,0.7613065326633166,642.0,0.5376884422110553,545.0,0.4564489112227806,422.0,0.35343383584589616,438.0,0.36683417085427134,907.0,0.7596314907872697,7.74,747.0,0.6256281407035176,7.74,690.0,0.5778894472361809,6.15,516.0,0.4321608040201005,6.44,251.0,0.2102177554438861,293.0,0.245393634840871,0.4556113902847571,650.0,0.5443886097152428,503.0,0.7738461538461539,0.4212730318257956,366.0,0.7276341948310139,0.3065326633165829,5.69,120.0,0.4225352112676056,0.10050251256281408,79.0,0.6583333333333333,0.0661641541038526,4.62,445.0,0.37269681742043553,0.7142857142857143,6.81,26.0,0.2653061224489796,12.0,0.46153846153846156,0.12244897959183673,13.0,0.1511627906976744,4.0,0.3076923076923077,0.04081632653061224,0.16326530612244897,0.41025641025641024
2009 - 2010,42,1156,125.0,1281,27.523809523809526,2.9761904761904763,879.0,0.7603806228373703,588.0,0.5086505190311419,451.0,0.39013840830449825,359.0,0.31055363321799306,357.0,0.3088235294117647,860.0,0.7439446366782007,7.51,653.0,0.5648788927335641,7.24,571.0,0.4939446366782007,6.84,434.0,0.3754325259515571,6.85,276.0,0.23875432525951557,337.0,0.291522491349481,0.5302768166089965,543.0,0.46972318339100344,418.0,0.7697974217311234,0.3615916955017301,281.0,0.6722488038277512,0.2430795847750865,5.53,109.0,0.41603053435114506,0.09429065743944637,36.0,0.3302752293577982,0.031141868512110725,3.23,317.0,0.2742214532871972,0.6015180265654649,7.07,27.0,0.216,5.0,0.18518518518518517,0.04,19.0,0.15833333333333333,5.0,0.2631578947368421,0.04,0.08,0.21739130434782608
2010 - 2011,40,1162,147.0,1309,29.05,3.675,868.0,0.7469879518072289,622.0,0.5352839931153184,443.0,0.3812392426850258,400.0,0.3442340791738382,341.0,0.29345955249569705,854.0,0.7349397590361446,7.93,703.0,0.6049913941480206,7.0,622.0,0.5352839931153184,7.38,424.0,0.3648881239242685,6.7,278.0,0.23924268502581755,292.0,0.2512908777969019,0.4905335628227194,592.0,0.5094664371772806,446.0,0.7533783783783784,0.3838209982788296,285.0,0.6390134529147982,0.2452667814113597,5.05,130.0,0.4234527687296417,0.11187607573149742,66.0,0.5076923076923077,0.05679862306368331,3.95,351.0,0.30206540447504304,0.609375,6.78,35.0,0.23809523809523808,11.0,0.3142857142857143,0.07482993197278912,29.0,0.21323529411764705,12.0,0.41379310344827586,0.08163265306122448,0.1564625850340136,0.359375
2011 - 2012,39,1111,135.0,1246,28.487179487179485,3.4615384615384617,831.0,0.7479747974797479,630.0,0.5670567056705671,487.0,0.4383438343834383,396.0,0.3564356435643564,397.0,0.35733573357335735,885.0,0.7965796579657966,8.02,740.0,0.6660666066606661,7.86,647.0,0.5823582358235824,7.18,507.0,0.45634563456345634,7.39,210.0,0.18901890189018902,267.0,0.24032403240324032,0.42934293429342935,634.0,0.5706570657065707,495.0,0.7807570977917981,0.44554455445544555,314.0,0.6343434343434343,0.2826282628262826,4.89,176.0,0.55,0.15841584158415842,73.0,0.4147727272727273,0.06570657065706571,3.53,387.0,0.3483348334833483,0.5767511177347243,6.71,35.0,0.25925925925925924,13.0,0.37142857142857144,0.0962962962962963,22.0,0.18032786885245902,6.0,0.2727272727272727,0.044444444444444446,0.14074074074074075,0.3333333333333333
2012 - 2013,35,1041,147.0,1188,29.742857142857144,4.2,773.0,0.7425552353506244,572.0,0.5494716618635928,435.0,0.41786743515850144,372.0,0.3573487031700288,366.0,0.3515850144092219,838.0,0.8049951969260326,7.81,692.0,0.664745437079731,6.96,640.0,0.6147934678194045,6.88,454.0,0.43611911623439004,6.45,184.0,0.17675312199807877,274.0,0.2632084534101825,0.4399615754082613,583.0,0.5600384245917387,434.0,0.7444253859348199,0.4169068203650336,297.0,0.684331797235023,0.28530259365994237,5.71,119.0,0.4160839160839161,0.1143131604226705,61.0,0.5126050420168067,0.05859750240153699,4.11,358.0,0.34390009606147937,0.6473779385171791,7.08,45.0,0.30612244897959184,26.0,0.5777777777777777,0.17687074829931973,25.0,0.2066115702479339,3.0,0.12,0.02040816326530612,0.19727891156462585,0.4142857142857143
2013 - 2014,33,938,135.0,1073,28.424242424242426,4.090909090909091,659.0,0.7025586353944563,432.0,0.4605543710021322,353.0,0.3763326226012793,297.0,0.31663113006396587,300.0,0.31982942430703626,747.0,0.7963752665245203,8.07,605.0,0.6449893390191898,7.23,541.0,0.5767590618336887,7.66,395.0,0.4211087420042644,7.18,178.0,0.18976545842217485,229.0,0.244136460554371,0.43390191897654584,531.0,0.5660980810234542,384.0,0.7231638418079096,0.4093816631130064,232.0,0.6041666666666666,0.24733475479744135,4.93,136.0,0.45484949832775917,0.14498933901918976,61.0,0.4485294117647059,0.0650319829424307,3.83,293.0,0.31236673773987206,0.5634615384615385,6.92,26.0,0.1925925925925926,3.0,0.11538461538461539,0.022222222222222223,23.0,0.17424242424242425,5.0,0.21739130434782608,0.037037037037037035,0.05925925925925926,0.16326530612244897
2014 - 2015,35,921,141.0,1062,26.314285714285713,4.0285714285714285,570.0,0.6188925081433225,403.0,0.4375678610206297,313.0,0.33984799131378934,259.0,0.28121606948968514,240.0,0.26058631921824105,693.0,0.752442996742671,8.02,559.0,0.6069489685124865,7.06,507.0,0.5504885993485342,7.47,402.0,0.4364820846905538,6.66,202.0,0.21932681867535286,239.0,0.25950054288816504,0.4788273615635179,480.0,0.5211726384364821,353.0,0.7354166666666667,0.38327904451682954,232.0,0.6572237960339944,0.251900108577633,5.19,107.0,0.4314516129032258,0.11617806731813246,47.0,0.4392523364485981,0.051031487513572206,3.86,279.0,0.30293159609120524,0.6065217391304348,6.95,35.0,0.24822695035460993,10.0,0.2857142857142857,0.07092198581560284,26.0,0.1984732824427481,3.0,0.11538461538461539,0.02127659574468085,0.09219858156028368,0.21311475409836064
2015 - 2016,35,870,132.0,1002,24.857142857142858,3.7714285714285714,498.0,0.5724137931034483,345.0,0.39655172413793105,254.0,0.29195402298850576,200.0,0.22988505747126436,228.0,0.2620689655172414,659.0,0.7574712643678161,7.56,486.0,0.5586206896551724,7.63,452.0,0.5195402298850574,7.7,354.0,0.4068965517241379,7.47,190.0,0.21839080459770116,244.0,0.28045977011494255,0.49885057471264366,436.0,0.5011494252873563,317.0,0.7270642201834863,0.364367816091954,231.0,0.7287066246056783,0.2655172413793103,5.97,95.0,0.4634146341463415,0.10919540229885058,62.0,0.6526315789473685,0.07126436781609195,4.61,293.0,0.3367816091954023,0.7111650485436893,7.22,34.0,0.25757575757575757,12.0,0.35294117647058826,0.09090909090909091,24.0,0.2,7.0,0.2916666666666667,0.05303030303030303,0.14393939393939395,0.3275862068965517
2016 - 2017,29,764,102.0,866,26.344827586206897,3.5172413793103448,479.0,0.6269633507853403,368.0,0.4816753926701571,266.0,0.3481675392670157,233.0,0.30497382198952877,217.0,0.28403141361256545,581.0,0.7604712041884817,7.97,463.0,0.606020942408377,7.18,434.0,0.5680628272251309,7.41,324.0,0.42408376963350786,6.8,171.0,0.2238219895287958,190.0,0.2486910994764398,0.4725130890052356,403.0,0.5274869109947644,294.0,0.7295285359801489,0.38481675392670156,225.0,0.7653061224489796,0.29450261780104714,6.09,75.0,0.42134831460674155,0.09816753926701571,45.0,0.6,0.058900523560209424,4.45,270.0,0.35340314136125656,0.7317073170731707,7.23,19.0,0.18627450980392157,10.0,0.5263157894736842,0.09803921568627451,16.0,0.17391304347826086,7.0,0.4375,0.06862745098039216,0.16666666666666666,0.4857142857142857
2017 - 2018,24,686,96.0,782,28.583333333333332,4.0,413.0,0.6020408163265306,325.0,0.4737609329446064,244.0,0.3556851311953353,189.0,0.2755102040816326,199.0,0.29008746355685133,504.0,0.7346938775510204,7.9,383.0,0.5583090379008746,7.17,370.0,0.5393586005830904,7.23,295.0,0.43002915451895046,6.68,162.0,0.23615160349854228,149.0,0.21720116618075802,0.45335276967930027,375.0,0.5466472303206997,264.0,0.704,0.3848396501457726,213.0,0.8068181818181818,0.3104956268221574,6.44,48.0,0.2962962962962963,0.06997084548104957,26.0,0.5416666666666666,0.037900874635568516,4.57,239.0,0.34839650145772594,0.7660256410256411,7.38,20.0,0.20833333333333334,14.0,0.7,0.14583333333333334,11.0,0.13414634146341464,1.0,0.09090909090909091,0.010416666666666666,0.15625,0.4838709677419355
2018 - 2019,24,536,,536,22.333333333333332,0.0,301.0,0.5615671641791045,301.0,0.5615671641791045,181.0,0.3376865671641791,143.0,0.2667910447761194,136.0,0.2537313432835821,406.0,0.7574626865671642,7.96,306.0,0.5708955223880597,7.05,292.0,0.5447761194029851,7.07,205.0,0.3824626865671642,6.76,,0.172,,0.2,,337.0,0.628731343283582,188.0,0.5578635014836796,0.35074626865671643,,,,,,,,,,,,,,,,,,,,,,,,,,,
2019 - 2020,16,481,56.0,537,30.0625,3.5,281.0,0.5841995841995842,206.0,0.4282744282744283,168.0,0.3492723492723493,147.0,0.30561330561330563,153.0,0.3180873180873181,376.0,0.7817047817047817,7.49,282.0,0.5862785862785863,7.31,259.0,0.5384615384615384,7.42,214.0,0.44490644490644493,6.68,95.0,0.19750519750519752,142.0,0.29521829521829523,0.49272349272349275,244.0,0.5072765072765073,175.0,0.7172131147540983,0.36382536382536385,152.0,0.8685714285714285,0.316008316008316,,27.0,0.29347826086956524,0.056133056133056136,16.0,0.5925925925925926,0.033264033264033266,,168.0,0.3492723492723493,0.8316831683168316,,15.0,0.26785714285714285,7.0,0.4666666666666667,0.125,8.0,0.16326530612244897,4.0,0.5,0.07142857142857142,0.19642857142857142,0.4782608695652174
2020 - 2021,19,426,106.0,532,22.42105263157895,5.578947368421052,307.0,0.7206572769953051,233.0,0.5469483568075117,200.0,0.4694835680751174,176.0,0.4131455399061033,179.0,0.42018779342723006,345.0,0.8098591549295775,8.17,272.0,0.6384976525821596,8.25,268.0,0.6291079812206573,7.54,217.0,0.5093896713615024,6.76,73.0,0.17136150234741784,99.0,0.2323943661971831,0.40375586854460094,254.0,0.596244131455399,200.0,0.7874015748031497,0.4694835680751174,144.0,0.72,0.3380281690140845,,46.0,0.41818181818181815,0.107981220657277,28.0,0.6086956521739131,0.06572769953051644,,172.0,0.40375586854460094,0.6991869918699187,,7.0,0.0660377358490566,2.0,0.2857142857142857,0.018867924528301886,8.0,0.07692307692307693,2.0,0.25,0.018867924528301886,0.03773584905660377,0.26666666666666666
2021 - 2022,13,365,133.0,498,28.076923076923077,10.23076923076923,261.0,0.7150684931506849,221.0,0.6054794520547945,187.0,0.5123287671232877,145.0,0.3972602739726027,135.0,0.3698630136986301,309.0,0.8465753424657534,8.13,249.0,0.6821917808219178,8.06,224.0,0.6136986301369863,7.76,182.0,0.4986301369863014,6.52,57.0,0.15616438356164383,99.0,0.27123287671232876,0.4273972602739726,209.0,0.5726027397260274,169.0,0.8086124401913876,0.46301369863013697,134.0,0.7928994082840237,0.36712328767123287,,,,,,,,,,,,,11.0,0.08270676691729323,6.0,0.5454545454545454,0.045112781954887216,,,,,,,
